{"inputUnits":[34],"outputUnits":3,"inputs":{"0":{"dtype":"number","min":247.353199146412,"max":361.6028257373713},"1":{"dtype":"number","min":162.28246261269493,"max":261.96358396295915},"2":{"dtype":"number","min":260.26915061311183,"max":371.58999259011784},"3":{"dtype":"number","min":142.67006173236095,"max":247.52847177010995},"4":{"dtype":"number","min":233.10292561848956,"max":349.60508350275643},"5":{"dtype":"number","min":142.08285117939434,"max":249.51441714638156},"6":{"dtype":"number","min":289.84516225595456,"max":387.2030282717699},"7":{"dtype":"number","min":154.04828761288528,"max":253.77850448876097},"8":{"dtype":"number","min":222.84017849154407,"max":332.88592362729196},"9":{"dtype":"number","min":150.50688329031127,"max":251.84443661576358},"10":{"dtype":"number","min":322.41478457088357,"max":413.71198271217867},"11":{"dtype":"number","min":239.65146533229893,"max":324.77805749249967},"12":{"dtype":"number","min":194.1098540010508,"max":303.35305851570115},"13":{"dtype":"number","min":229.86673990885413,"max":319.64865823935344},"14":{"dtype":"number","min":349.4648834882888,"max":509.74680166263096},"15":{"dtype":"number","min":176.2976811875609,"max":438.43491939076205},"16":{"dtype":"number","min":73.66778219420078,"max":253.21954916792305},"17":{"dtype":"number","min":168.6126720882066,"max":433.39862786306037},"18":{"dtype":"number","min":342.1854399147554,"max":597.4271230716222},"19":{"dtype":"number","min":36.31650809423732,"max":494.42043817531294},"20":{"dtype":"number","min":-6.052799931278935,"max":222.99174823723806},"21":{"dtype":"number","min":35.307312606603304,"max":509.2276780275341},"22":{"dtype":"number","min":287.8019526966831,"max":422.7760416071782},"23":{"dtype":"number","min":423.85429456684784,"max":533.0391153257492},"24":{"dtype":"number","min":184.52276635123508,"max":307.2547838237086},"25":{"dtype":"number","min":424.4733582137853,"max":517.5800612005341},"26":{"dtype":"number","min":281.52918661314607,"max":422.18024032622515},"27":{"dtype":"number","min":474.3553798147577,"max":550.698936417786},"28":{"dtype":"number","min":174.86478214375455,"max":304.5047365898742},"29":{"dtype":"number","min":439.05261896739455,"max":551.9340161180403},"30":{"dtype":"number","min":278.7107895968253,"max":416.14194873713143},"31":{"dtype":"number","min":519.0068317993342,"max":562.1724693491677},"32":{"dtype":"number","min":175.4892895793357,"max":318.85200916907473},"33":{"dtype":"number","min":499.61750513861284,"max":559.73220393904}},"outputs":{"0":{"dtype":"string","min":0,"max":1,"uniqueValues":["h","u","d"],"legend":{"h":[1,0,0],"u":[0,1,0],"d":[0,0,1]}}},"isNormalized":true}
